MAVEN_LOOKUP_CODE,MAVEN_PRODUCT_CODE,SEND_TO_MAVEN
"10356-4_4716008","AMB","1"
"10356-4_110389002","AMB","1"
"10701-1_4716008","AMB","1"
"10701-1_110389002","AMB","1"
"10702-9_4716008","AMB","1"
"10702-9_110389002","AMB","1"
"10703-7_4716008","AMB","1"
"10703-7_110389002","AMB","1"
"10704-5_4716008","AMB","1"
"10704-5_110389002","AMB","1"
"14125-9_4716008","AMB","1"
"14125-9_110389002","AMB","1"
"18307-9_4716008","AMB","1"
"18307-9_110389002","AMB","1"
"20932-0_4716008","AMB","1"
"20932-0_110389002","AMB","1"
"6396-6_4716008","AMB","1"
"6396-6_110389002","AMB","1"
"6397-4_4716008","AMB","1"
"6397-4_110389002","AMB","1"
"6398-2_4716008","AMB","1"
"6398-2_110389002","AMB","1"
"6399-0_4716008","AMB","1"
"6399-0_110389002","AMB","1"
"6470-9_4716008","AMB","1"
"6470-9_110389002","AMB","1"
"6473-3_4716008","AMB","1"
"6473-3_110389002","AMB","1"
"665-0_4716008","AMB","1"
"665-0_110389002","AMB","1"
"6665-4_4716008","AMB","1"
"6665-4_110389002","AMB","1"
"6674-6_4716008","AMB","1"
"6674-6_110389002","AMB","1"
"6680-3_4716008","AMB","1"
"6680-3_110389002","AMB","1"
"673-4_4716008","AMB","1"
"673-4_110389002","AMB","1"
"678-3_4716008","AMB","1"
"678-3_110389002","AMB","1"
"680-9_4716008","AMB","1"
"680-9_110389002","AMB","1"
"9785-7_4716008","AMB","1"
"9785-7_110389002","AMB","1"
"11469-4_21927003","ANT","1"
"11475-1_21927003","ANT","1"
"38347-1_21927003","ANT","1"
"610-6_21927003","ANT","1"
"11475-1_13080008","BOTO","1"
"11475-1_18065004","BOTO","1"
"11475-1_20785008","BOTO","1"
"11475-1_20017000","BOTO","1"
"11475-1_37081000","BOTO","1"
"11475-1_8386006","BOTO","1"
"11475-1_32829006","BOTO","1"
"11475-1_29072007","BOTO","1"
"20706-8_13080008","BOTO","1"
"20706-8_18065004","BOTO","1"
"20706-8_20785008","BOTO","1"
"20706-8_20017000","BOTO","1"
"20706-8_37081000","BOTO","1"
"20706-8_8386006","BOTO","1"
"20706-8_32829006","BOTO","1"
"20706-8_29072007","BOTO","1"
"33694-1_13080008","BOTO","1"
"33694-1_18065004","BOTO","1"
"33696-6_13080008","BOTO","1"
"33696-6_18065004","BOTO","1"
"41852-5_18065004","BOTO","1"
"46705-0_18065004","BOTO","1"
"46705-0_20785008","BOTO","1"
"46705-0_8386006","BOTO","1"
"46705-0_32829006","BOTO","1"
"6463-4_13080008","BOTO","1"
"10349-9_116505000","BRU","1"
"11475-1_26250004","BRU","1"
"11475-1_72829003","BRU","1"
"11475-1_24224000","BRU","1"
"11475-1_48317004","BRU","1"
"11475-1_38025008","BRU","1"
"24388-1_10828004","BRU","1"
"41625-5_116505000","BRU","1"
"551-2_72829003","BRU","1"
"551-2_24224000","BRU","1"
"551-2_48317004","BRU","1"
"551-2_38025008","BRU","1"
"552-0_72829003","BRU","1"
"552-0_24224000","BRU","1"
"552-0_48317004","BRU","1"
"552-0_38025008","BRU","1"
"552-0_116505000","BRU","1"
"600-7_72829003","BRU","1"
"600-7_24224000","BRU","1"
"600-7_48317004","BRU","1"
"600-7_38025008","BRU","1"
"600-7_116505000","BRU","1"
"627-0_72829003","BRU","1"
"627-0_24224000","BRU","1"
"627-0_48317004","BRU","1"
"627-0_38025008","BRU","1"
"634-6_72829003","BRU","1"
"634-6_24224000","BRU","1"
"634-6_48317004","BRU","1"
"634-6_38025008","BRU","1"
"636-1_72829003","BRU","1"
"636-1_24224000","BRU","1"
"636-1_48317004","BRU","1"
"636-1_38025008","BRU","1"
"699-9_72829003","BRU","1"
"11475-1_35408001","CAMPY","1"
"11475-1_40614002","CAMPY","1"
"11475-1_84210007","CAMPY","1"
"11475-1_64589009","CAMPY","1"
"11475-1_66543000","CAMPY","1"
"11475-1_91524009","CAMPY","1"
"11475-1_58928003","CAMPY","1"
"11475-1_19552006","CAMPY","1"
"11475-1_116457002","CAMPY","1"
"11475-1_9041007","CAMPY","1"
"11475-1_103427005","CAMPY","1"
"11475-1_113523003","CAMPY","1"
"11475-1_116386003","CAMPY","1"
"16528-2_40614002","CAMPY","1"
"16529-0_66543000","CAMPY","1"
"16530-8_66543000","CAMPY","1"
"16531-6_66543000","CAMPY","1"
"16532-4_66543000","CAMPY","1"
"16534-0_91524009","CAMPY","1"
"38347-1_40614002","CAMPY","1"
"38347-1_66543000","CAMPY","1"
"41852-5_40614002","CAMPY","1"
"49614-1_40614002","CAMPY","1"
"49614-1_66543000","CAMPY","1"
"4992-4_91524009","CAMPY","1"
"600-7_116457002","CAMPY","1"
"625-4_35408001","CAMPY","1"
"625-4_40614002","CAMPY","1"
"625-4_84210007","CAMPY","1"
"625-4_64589009","CAMPY","1"
"625-4_66543000","CAMPY","1"
"625-4_91524009","CAMPY","1"
"625-4_58928003","CAMPY","1"
"625-4_19552006","CAMPY","1"
"625-4_9041007","CAMPY","1"
"625-4_113523003","CAMPY","1"
"6329-7_40614002","CAMPY","1"
"6331-3_66543000","CAMPY","1"
"6331-3_116457002","CAMPY","1"
"6332-1_84210007","CAMPY","1"
"6332-1_64589009","CAMPY","1"
"6333-9_66543000","CAMPY","1"
"6334-7_66543000","CAMPY","1"
"6335-4_35408001","CAMPY","1"
"6335-4_66543000","CAMPY","1"
"646-0_40614002","CAMPY","1"
"6463-4_116457002","CAMPY","1"
"6463-4_113524009","CAMPY","1"
"10352-3_64889004","CHAN","0"
"11475-1_64889004","CHAN","0"
"14475-8_64889004","CHAN","0"
"14476-6_64889004","CHAN","0"
"14478-2_64889004","CHAN","0"
"597-5_64889004","CHAN","0"
"600-7_64889004","CHAN","0"
"634-6_64889004","CHAN","0"
"636-1_64889004","CHAN","0"
"6600-1_64889004","CHAN","0"
"11475-1_125048009","CHO","1"
"625-4_62987004","CHO","1"
"625-4_125048009","CHO","1"
"6578-9_76436009","CHO","1"
"6578-9_58735003","CHO","1"
"6578-9_58735003","CHO","1"
"6579-7_76436009","CHO","1"
"6579-7_58735003","CHO","1"
"6579-7_58735003","CHO","1"
"6581-3_76436009","CHO","1"
"6581-3_58735003","CHO","1"
"6581-3_58735003","CHO","1"
"5883-4_5210005","RUB","1"
"5884-2_5210005","RUB","1"
"5887-5_5210005","RUB","1"
"6548-2_5210005","RUB","1"
"11473-6_67168003","CRYP","1"
"10704-5_83821001","CRYP","1"
"10704-5_51504002","CRYP","1"
"11475-1_67168003","CRYP","1"
"11475-1_83821001","CRYP","1"
"20781-1_10828004","CRYP","1"
"20781-1_83821001","CRYP","1"
"20781-1_372395005","CRYP","1"
"20932-0_51504002","CRYP","1"
"20932-0_372395005","CRYP","1"
"566-0_372395005","CRYP","1"
"6371-9_10828004","CRYP","1"
"6471-7_83821001","CRYP","1"
"6471-7_51504002","CRYP","1"
"6674-6_83821001","CRYP","1"
"6674-6_51504002","CRYP","1"
"673-4_83821001","CRYP","1"
"673-4_51504002","CRYP","1"
"673-4_372395005","CRYP","1"
"9785-7_83821001","CRYP","1"
"9785-7_51504002","CRYP","1"
"10704-5_103561005","CYCLO","1"
"10850-6_103561005","CYCLO","1"
"20932-0_103561005","CYCLO","1"
"673-4_103561005","CYCLO","1"
"9785-7_103561005","CYCLO","1"
"6383-4_34348001","DNF","1"
"6383-4_34348001","DNF","1"
"10353-1_5851001","DIP","1"
"11475-1_5851001","DIP","1"
"11475-1_83675005","DIP","1"
"11475-1_70876001","DIP","1"
"11475-1_13755001","DIP","1"
"14479-0_5851001","DIP","1"
"14480-8_5851001","DIP","1"
"14481-6_5851001","DIP","1"
"14483-2_5851001","DIP","1"
"16676-9_5851001","DIP","1"
"567-8_5851001","DIP","1"
"597-5_5851001","DIP","1"
"600-7_5851001","DIP","1"
"604-9_5851001","DIP","1"
"605-6_5851001","DIP","1"
"622-1_5851001","DIP","1"
"623-9_5851001","DIP","1"
"624-7_5851001","DIP","1"
"626-2_5851001","DIP","1"
"632-0_5851001","DIP","1"
"634-6_5851001","DIP","1"
"636-1_5851001","DIP","1"
"6460-0_5851001","DIP","1"
"6462-6_5851001","DIP","1"
"6463-4_5851001","DIP","1"
"6596-1_5851001","DIP","1"
"10851-4_83285000","EHEC","1"
"11475-1_103429008","EHEC","1"
"12276-2_83285000","EHEC","1"
"12276-2_103429008","EHEC","1"
"16832-8_103429008","EHEC","1"
"41852-5_103429008","EHEC","1"
"44088-3_103429008","EHEC","1"
"600-7_103429008","EHEC","1"
"625-4_103429008","EHEC","1"
"625-4_131260002","EHEC","1"
"625-4_131261003","EHEC","1"
"6463-4_103429008","EHEC","1"
"11475-1_116395006","EHEC","1"
"21262-1_10828004","EHEC","1"
"21262-1_116395006","EHEC","1"
"41852-5_116395006","EHEC","1"
"6463-4_116395006","EHEC","1"
"11475-1_116394005","EHEC","1"
"11475-1_131260002","EHEC","1"
"11475-1_131261003","EHEC","1"
"16835-1_83285000","EHEC","1"
"6463-4_131260002","EHEC","1"
"6463-4_131261003","EHEC","1"
"10356-4_78181009","GIA","1"
"10670-8_78181009","GIA","1"
"10701-1_78181009","GIA","1"
"10702-9_78181009","GIA","1"
"10703-7_78181009","GIA","1"
"10704-5_78181009","GIA","1"
"11475-1_78181009","GIA","1"
"14210-9_78181009","GIA","1"
"16898-9_78181009","GIA","1"
"16899-7_78181009","GIA","1"
"18307-9_78181009","GIA","1"
"18493-7_78181009","GIA","1"
"18494-5_78181009","GIA","1"
"18495-2_78181009","GIA","1"
"18496-0_78181009","GIA","1"
"20931-2_78181009","GIA","1"
"20932-0_78181009","GIA","1"
"5169-8_78181009","GIA","1"
"6412-1_78181009","GIA","1"
"6413-9_78181009","GIA","1"
"6470-9_78181009","GIA","1"
"673-4_78181009","GIA","1"
"9785-7_78181009","GIA","1"
"11475-1_44470000","HFLU","1"
"11475-1_103441001","HFLU","1"
"11475-1_103442008","HFLU","1"
"11475-1_103443003","HFLU","1"
"11475-1_103444009","HFLU","1"
"11475-1_103445005","HFLU","1"
"11475-1_103446006","HFLU","1"
"32139-8_44470000","HFLU","1"
"32139-8_127508008","HFLU","1"
"51668-2_44470000","HFLU","1"
"597-5_44470000","HFLU","1"
"597-5_103441001","HFLU","1"
"597-5_103442008","HFLU","1"
"597-5_103443003","HFLU","1"
"597-5_103444009","HFLU","1"
"597-5_103445005","HFLU","1"
"597-5_103446006","HFLU","1"
"600-7_44470000","HFLU","1"
"600-7_103441001","HFLU","1"
"600-7_103442008","HFLU","1"
"600-7_103443003","HFLU","1"
"600-7_103444009","HFLU","1"
"600-7_103445005","HFLU","1"
"600-7_103446006","HFLU","1"
"606-4_44470000","HFLU","1"
"606-4_103441001","HFLU","1"
"606-4_103442008","HFLU","1"
"606-4_103443003","HFLU","1"
"606-4_103444009","HFLU","1"
"606-4_103445005","HFLU","1"
"606-4_103446006","HFLU","1"
"609-8_44470000","HFLU","0"
"610-6_44470000","HFLU","1"
"610-6_103441001","HFLU","1"
"610-6_103442008","HFLU","1"
"610-6_103443003","HFLU","1"
"610-6_103444009","HFLU","1"
"610-6_103445005","HFLU","1"
"610-6_103446006","HFLU","1"
"611-4_44470000","HFLU","1"
"611-4_103441001","HFLU","1"
"611-4_103442008","HFLU","1"
"611-4_103443003","HFLU","1"
"611-4_103444009","HFLU","1"
"611-4_103445005","HFLU","1"
"611-4_103446006","HFLU","1"
"634-6_44470000","HFLU","1"
"634-6_103441001","HFLU","1"
"634-6_103442008","HFLU","1"
"634-6_103443003","HFLU","1"
"634-6_103444009","HFLU","1"
"634-6_103445005","HFLU","1"
"634-6_103446006","HFLU","1"
"636-1_44470000","HFLU","1"
"636-1_103441001","HFLU","1"
"636-1_103442008","HFLU","1"
"636-1_103443003","HFLU","1"
"636-1_103444009","HFLU","1"
"636-1_103445005","HFLU","1"
"636-1_103446006","HFLU","1"
"6463-4_44470000","HFLU","1"
"6463-4_103442008","HFLU","1"
"6600-1_44470000","HFLU","1"
"6600-1_103441001","HFLU","1"
"6600-1_103442008","HFLU","1"
"6600-1_103443003","HFLU","1"
"6600-1_103444009","HFLU","1"
"6600-1_103445005","HFLU","1"
"6600-1_103446006","HFLU","1"
"7899-8_49445003","HPS","1"
"7899-8_49445003","HPS","1"
"13950-1_10828004","HEPA","1"
"22312-3_11214006","HEPA","0"
"22312-3_32452004","HEPA","1"
"22313-1_32452004","HEPA","1"
"5181-3_32452004","HEPA","1"
"13954-3_10828004","HEPB_A","1"
"13954-3_81665004","HEPB_A","1"
"24113-3_10828004","HEPB_A","1"
"24113-3_11214006","HEPB_A","1"
"24113-3_81665004","HEPB_A","1"
"29610-3_81665004","HEPB_A","1"
"29610-3_260373001","HEPB_A","1"
"29615-2_81665004","HEPB_A","1"
"42595-9_10828004","HEPB_A","1"
"42595-9_260373001","HEPB_A","1"
"5185-4_11214006","HEPB_A","1"
"5185-4_81665004","HEPB_A","1"
"5195-3_11214006","HEPB_A","1"
"5195-3_81665004","HEPB_A","1"
"5196-1_10828004","HEPB_A","1"
"5196-1_260373001","HEPB_A","1"
"5196-1_81665004","HEPB_A","1"
"7905-3_10828004","HEPB_A","1"
"7905-3_81665004","HEPB_A","1"
"11259-9_10828004","HEPC_A","1"
"11259-9_62944002","HEPC_A","1"
"13955-0_10828004","HEPC_A","1"
"13955-0_11214006","HEPC_A","1"
"13955-0_62944002","HEPC_A","1"
"16128-1_62944002","HEPC_A","1"
"16129-9_62944002","HEPC_A","1"
"22327-1_10828004","HEPC_A","1"
"48159-8_62944002","HEPC_A","1"
"5010-4_62944002","HEPC_A","1"
"5198-7_10828004","HEPC_A","1"
"5198-7_11214006","HEPC_A","1"
"5199-5_10828004","HEPC_A","1"
"5199-5_62944002","HEPC_A","1"
"13248-0_10828004","HDV","1"
"14211-7_10828004","HEPE","1"
"14212-5_10828004","HEPE","1"
"22827-0_407479009","FLUS","1"
"31859-1_260385009","FLUS","1"
"31859-2_10828004","FLUS","1"
"38347-1_407479009","FLUS","1"
"46082-4_10828004","FLUS","1"
"48310-7_10828004","FLUS","1"
"48509-4_407479009","FLUS","1"
"55463-4_407479009","FLUS","1"
"5863-6_407479009","FLUS","1"
"610-6_407479009","FLUS","1"
"6437-8_407479009","FLUS","1"
"6584-7_407479009","FLUS","1"
"6604-3_407479009","FLUS","1"
"7920-2_407479009","FLUS","1"
"38347-1_407480007","FLUS","1"
"38382-8_10828004","FLUS","1"
"48509-4_407480007","FLUS","1"
"5866-8_260385009","FLUS","1"
"5866-9_10828004","FLUS","1"
"5867-7_407478001","FLUS","1"
"610-6_407480007","FLUS","1"
"6584-7_407480007","FLUS","1"
"6604-3_407480007","FLUS","1"
"7931-9_407478001","FLUS","1"
"11475-1_7527002","LEG","1"
"11475-1_80897008","LEG","1"
"11475-1_37835001","LEG","1"
"11475-1_89605004","LEG","1"
"11475-1_39739007","LEG","1"
"11475-1_638008","LEG","1"
"11475-1_8147000","LEG","1"
"11475-1_17083009","LEG","1"
"11475-1_87271006","LEG","1"
"11475-1_89709001","LEG","1"
"11475-1_17298000","LEG","1"
"11475-1_28109006","LEG","1"
"11475-1_58939000","LEG","1"
"11475-1_64930007","LEG","1"
"11475-1_38322001","LEG","1"
"11475-1_52462004","LEG","1"
"11475-1_14121003","LEG","1"
"11475-1_72814000","LEG","1"
"11475-1_18214000","LEG","1"
"11475-1_3128001","LEG","1"
"11475-1_22592008","LEG","1"
"11475-1_58923007","LEG","1"
"11475-1_115514004","LEG","1"
"11475-1_103463005","LEG","1"
"11475-1_103464004","LEG","1"
"11475-1_103465003","LEG","1"
"11475-1_103466002","LEG","1"
"11475-1_103467006","LEG","1"
"11475-1_103468001","LEG","1"
"11475-1_103469009","LEG","1"
"11475-1_103470005","LEG","1"
"11475-1_103471009","LEG","1"
"11475-1_131324005","LEG","1"
"11475-1_131326007","LEG","1"
"17057-1_115514004","LEG","1"
"32355-0_80897008","LEG","1"
"38347-1_80897008","LEG","1"
"38347-1_115514004","LEG","1"
"41852-5_80897008","LEG","1"
"41852-5_115514004","LEG","1"
"41852-5_103463005","LEG","1"
"41852-5_103468001","LEG","1"
"5020-3_10828004","LEG","1"
"589-2_7527002","LEG","1"
"589-2_103456005","LEG","1"
"589-2_103457001","LEG","1"
"589-2_103458006","LEG","1"
"590-0_7527002","LEG","1"
"590-0_103456005","LEG","1"
"590-0_103457001","LEG","1"
"590-0_103458006","LEG","1"
"593-4_7527002","LEG","1"
"593-4_80897008","LEG","1"
"593-4_37835001","LEG","1"
"593-4_89605004","LEG","1"
"593-4_39739007","LEG","1"
"593-4_638008","LEG","1"
"593-4_8147000","LEG","1"
"593-4_17083009","LEG","1"
"593-4_87271006","LEG","1"
"593-4_89709001","LEG","1"
"593-4_17298000","LEG","1"
"593-4_28109006","LEG","1"
"593-4_58939000","LEG","1"
"593-4_64930007","LEG","1"
"593-4_38322001","LEG","1"
"593-4_52462004","LEG","1"
"593-4_14121003","LEG","1"
"593-4_72814000","LEG","1"
"593-4_3128001","LEG","1"
"593-4_22592008","LEG","1"
"593-4_58923007","LEG","1"
"593-4_103456005","LEG","1"
"593-4_103457001","LEG","1"
"593-4_103458006","LEG","1"
"593-4_103463005","LEG","1"
"593-4_103464004","LEG","1"
"593-4_103465003","LEG","1"
"593-4_103466002","LEG","1"
"593-4_103467006","LEG","1"
"593-4_103468001","LEG","1"
"593-4_103469009","LEG","1"
"593-4_103470005","LEG","1"
"593-4_103471009","LEG","1"
"593-4_131326007","LEG","1"
"597-5_7527002","LEG","1"
"597-5_103456005","LEG","1"
"597-5_103457001","LEG","1"
"597-5_103458006","LEG","1"
"600-7_7527002","LEG","1"
"600-7_103456005","LEG","1"
"600-7_103457001","LEG","1"
"600-7_103458006","LEG","1"
"604-9_7527002","LEG","1"
"604-9_103456005","LEG","1"
"604-9_103457001","LEG","1"
"604-9_103458006","LEG","1"
"622-1_7527002","LEG","1"
"622-1_103456005","LEG","1"
"622-1_103457001","LEG","1"
"622-1_103458006","LEG","1"
"624-7_7527002","LEG","1"
"624-7_103456005","LEG","1"
"624-7_103457001","LEG","1"
"624-7_103458006","LEG","1"
"634-6_7527002","LEG","1"
"634-6_103456005","LEG","1"
"634-6_103457001","LEG","1"
"634-6_103458006","LEG","1"
"636-1_7527002","LEG","1"
"636-1_103456005","LEG","1"
"636-1_103457001","LEG","1"
"636-1_103458006","LEG","1"
"6447-7_10828004","LEG","1"
"6447-7_7527002","LEG","1"
"6451-9_7527002","LEG","1"
"6463-4_103463005","LEG","1"
"7947-5_10828004","LEG","1"
"7947-5_7527002","LEG","1"
"7947-5_115514004","LEG","1"
"11475-1_36094007","LIS","1"
"41852-5_36094007","LIS","1"
"600-7_36094007","LIS","1"
"610-6_36094007","LIS","1"
"627-0_36094007","LIS","1"
"634-6_36094007","LIS","1"
"636-1_36094007","LIS","1"
"6463-4_36094007","LIS","1"
"6609-2_23566007","LIS","1"
"6609-2_36094007","LIS","1"
"11006-4_76327009","LYM","1"
"11550-1_76327009","LYM","1"
"12781-1_76327009","LYM","1"
"13202-7_76327009","LYM","1"
"13502-0_10828004","LYM","1"
"13503-8_10828004","LYM","1"
"18203-0_76327009","LYM","1"
"23979-8_10828004","LYM","1"
"23981-4_10828004","LYM","1"
"23983-0_10828004","LYM","1"
"23985-5_10828004","LYM","1"
"32669-4_10828004","LYM","1"
"32669-4_260373001","LYM","1"
"49615-8_76327009","LYM","1"
"4991-6_76327009","LYM","1"
"6320-6_76327009","LYM","1"
"6321-4_76327009","LYM","1"
"6323-0_76327009","LYM","1"
"6471-7_76327009","LYM","1"
"7817-0_76327009","LYM","1"
"9586-9_10828004","LYM","1"
"10710-2_30020004","MAL","1"
"10710-2_56395006","MAL","1"
"10710-2_18508006","MAL","1"
"10710-2_74746009","MAL","1"
"11546-9_30020004","MAL","1"
"17784-0_30020004","MAL","1"
"32206-5_30020004","MAL","1"
"38347-1_30020004","MAL","1"
"38347-1_56395006","MAL","1"
"38347-1_18508006","MAL","1"
"38347-1_74746009","MAL","1"
"41447-4_260373001","MAL","1"
"47260-5_10828004","MAL","1"
"637-9_30020004","MAL","1"
"637-9_56395006","MAL","1"
"637-9_18508006","MAL","1"
"637-9_74746009","MAL","1"
"662-7_30020004","MAL","1"
"662-7_56395006","MAL","1"
"662-7_18508006","MAL","1"
"662-7_74746009","MAL","1"
"673-4_56395006","MAL","1"
"5886-7_52584002","MEAS","1"
"7962-4_10828004","MEAS","1"
"32800-5_17872004","NMEN","1"
"636-1_103481008","NMEN","1"
"10353-1_17872004","NMEN","1"
"11475-1_17872004","NMEN","1"
"11475-1_103479006","NMEN","1"
"11475-1_103480009","NMEN","1"
"11475-1_103481008","NMEN","1"
"11475-1_103482001","NMEN","1"
"11475-1_103483006","NMEN","1"
"11475-1_125041003","NMEN","1"
"16134-9_17872004","NMEN","1"
"23667-9_17872004","NMEN","1"
"38347-1_17872004","NMEN","1"
"38347-1_103480009","NMEN","1"
"38347-1_103481008","NMEN","1"
"38347-1_103482001","NMEN","1"
"41852-5_17872004","NMEN","1"
"41852-5_103481008","NMEN","1"
"49671-1_17872004","NMEN","1"
"49671-1_103480009","NMEN","1"
"49671-1_103481008","NMEN","1"
"600-7_17872004","NMEN","1"
"606-4_17872004","NMEN","1"
"636-1_17872004","NMEN","1"
"6463-4_103482001","NMEN","1"
"5883-4_50384007","MUMPS","1"
"5887-5_50384007","MUMPS","1"
"7967-3_50384007","MUMPS","1"
"7959-0_116200009","LEP","1"
"7960-8_116401006","LEP","1"
"10353-1_5247005","PERT","1"
"11475-1_5247005","PERT","1"
"23826-1_5247005","PERT","1"
"23826-1_260373001","PERT","1"
"29723-4_260373001","PERT","1"
"32355-0_5247005","PERT","1"
"38347-1_5247005","PERT","1"
"548-8_5247005","PERT","1"
"549-6_5247005","PERT","1"
"550-4_5247005","PERT","1"
"597-5_5247005","PERT","1"
"600-7_5247005","PERT","1"
"604-9_5247005","PERT","1"
"626-2_5247005","PERT","1"
"6317-2_5247005","PERT","1"
"6463-4_5247005","PERT","1"
"11475-1_54365000","YER","1"
"11475-1_54365000","YER","1"
"600-7_54365000","YER","1"
"605-6_54365000","YER","1"
"605-6_54365000","YER","1"
"610-6_54365000","YER","1"
"610-6_54365000","YER","1"
"625-4_54365000","YER","1"
"625-4_54365000","YER","1"
"634-6_54365000","YER","1"
"634-6_54365000","YER","1"
"636-1_54365000","YER","1"
"636-1_54365000","YER","1"
"6463-4_54365000","YER","1"
"6463-4_54365000","YER","1"
"701-3_54365000","YER","1"
"701-3_54365000","YER","1"
"10736-7_44172002","POL","1"
"10736-7_22580008","POL","1"
"10736-7_55174004","POL","1"
"10736-7_16362001","POL","1"
"10737-5_44172002","POL","1"
"10737-5_22580008","POL","1"
"10737-5_55174004","POL","1"
"10737-5_16362001","POL","1"
"12272-1_22580008","POL","1"
"12272-1_55174004","POL","1"
"12272-1_16362001","POL","1"
"14488-1_44172002","POL","1"
"14488-1_22580008","POL","1"
"14488-1_55174004","POL","1"
"14488-1_16362001","POL","1"
"14489-9_44172002","POL","1"
"14489-9_22580008","POL","1"
"14489-9_55174004","POL","1"
"14489-9_16362001","POL","1"
"14491-5_22580008","POL","1"
"14491-5_55174004","POL","1"
"14491-5_16362001","POL","1"
"5883-4_44172002","POL","1"
"5883-4_22580008","POL","1"
"5883-4_55174004","POL","1"
"5883-4_16362001","POL","1"
"5884-2_44172002","POL","1"
"5884-2_22580008","POL","1"
"5884-2_55174004","POL","1"
"5884-2_16362001","POL","1"
"5886-7_44172002","POL","1"
"5886-7_22580008","POL","1"
"5886-7_55174004","POL","1"
"5886-7_16362001","POL","1"
"5887-5_44172002","POL","1"
"5887-5_22580008","POL","1"
"5887-5_55174004","POL","1"
"5887-5_16362001","POL","1"
"55100-2_10828004","RSV","1"
"5876-8_10828004","RSV","1"
"5877-6_10828004","RSV","1"
"5311-6_18054009","MUR","1"
"5315-7_18054009","MUR","1"
"5878-4_18054009","MUR","1"
"6544-1_18054009","MUR","1"
"6545-8_18054009","MUR","1"
"6546-6_18054009","MUR","1"
"8015-0_5210005","RUB","1"
"10354-9_27268008","SAL","1"
"10354-9_73525009","SAL","1"
"11475-1_27268008","SAL","1"
"11475-1_370577001","SAL","1"
"11475-1_79128009","SAL","1"
"11475-1_85908006","SAL","1"
"11475-1_128388007","SAL","1"
"11475-1_88091007","SAL","1"
"11475-1_2820001","SAL","1"
"11475-1_37091006","SAL","1"
"11475-1_80627004","SAL","1"
"11475-1_50136005","SAL","1"
"11475-1_71865006","SAL","1"
"11475-1_32488009","SAL","1"
"11475-1_80232006","SAL","1"
"11475-1_35225001","SAL","1"
"11475-1_80268001","SAL","1"
"11475-1_46667007","SAL","1"
"11475-1_4361005","SAL","1"
"11475-1_82071007","SAL","1"
"11475-1_9506004","SAL","1"
"11475-1_77584005","SAL","1"
"11475-1_56077000","SAL","1"
"11475-1_49491006","SAL","1"
"11475-1_40697005","SAL","1"
"11475-1_73525009","SAL","1"
"11475-1_88022005","SAL","1"
"11475-1_19374001","SAL","1"
"11475-1_85524002","SAL","1"
"11475-1_37261005","SAL","1"
"11475-1_18163008","SAL","1"
"11475-1_57101009","SAL","1"
"11475-1_17330008","SAL","1"
"17563-8_27268008","SAL","1"
"17563-8_372342007","SAL","1"
"17563-8_79128009","SAL","1"
"17563-8_50136005","SAL","1"
"17928-3_27268008","SAL","1"
"17929-1_27268008","SAL","1"
"17969-7_73525009","SAL","1"
"20951-0_27268008","SAL","1"
"20951-0_79128009","SAL","1"
"20951-0_85908006","SAL","1"
"20951-0_128388007","SAL","1"
"20951-0_88091007","SAL","1"
"20951-0_2820001","SAL","1"
"20951-0_37091006","SAL","1"
"20951-0_80627004","SAL","1"
"20951-0_50136005","SAL","1"
"20951-0_71865006","SAL","1"
"20951-0_32488009","SAL","1"
"20951-0_80232006","SAL","1"
"20951-0_35225001","SAL","1"
"20951-0_80268001","SAL","1"
"20951-0_46667007","SAL","1"
"20951-0_4361005","SAL","1"
"20951-0_82071007","SAL","1"
"20951-0_9506004","SAL","1"
"20951-0_77584005","SAL","1"
"20951-0_56077000","SAL","1"
"20951-0_49491006","SAL","1"
"20951-0_40697005","SAL","1"
"20951-0_73525009","SAL","1"
"20951-0_88022005","SAL","1"
"20951-0_19374001","SAL","1"
"20951-0_85524002","SAL","1"
"20951-0_37261005","SAL","1"
"20951-0_18163008","SAL","1"
"20951-0_57101009","SAL","1"
"20951-0_17330008","SAL","1"
"23930-1_27268008","SAL","1"
"34371-5_27268008","SAL","1"
"38347-1_372342007","SAL","1"
"41852-5_79128009","SAL","1"
"41852-5_85908006","SAL","1"
"41852-5_128388007","SAL","1"
"41852-5_88091007","SAL","1"
"41852-5_2820001","SAL","1"
"41852-5_80627004","SAL","1"
"41852-5_50136005","SAL","1"
"41852-5_35225001","SAL","1"
"41852-5_80268001","SAL","1"
"41852-5_46667007","SAL","1"
"41852-5_4361005","SAL","1"
"41852-5_9506004","SAL","1"
"41852-5_77584005","SAL","1"
"41852-5_56077000","SAL","1"
"41852-5_49491006","SAL","1"
"41852-5_73525009","SAL","1"
"41852-5_88022005","SAL","1"
"41852-5_37261005","SAL","1"
"41852-5_18163008","SAL","1"
"41852-5_57101009","SAL","1"
"41852-5_17330008","SAL","1"
"43371-4_27268008","SAL","1"
"45337-3_27268008","SAL","1"
"49612-5_27268008","SAL","1"
"597-5_27268008","SAL","1"
"597-5_73525009","SAL","1"
"600-7_27268008","SAL","1"
"600-7_372342007","SAL","1"
"600-7_85908006","SAL","1"
"600-7_50136005","SAL","1"
"600-7_77584005","SAL","1"
"600-7_73525009","SAL","1"
"604-9_27268008","SAL","1"
"604-9_73525009","SAL","1"
"605-6_27268008","SAL","1"
"605-6_73525009","SAL","1"
"606-4_27268008","SAL","1"
"606-4_372342007","SAL","1"
"610-6_27268008","SAL","1"
"610-6_73525009","SAL","1"
"611-4_27268008","SAL","1"
"611-4_73525009","SAL","1"
"625-4_27268008","SAL","1"
"625-4_372342007","SAL","1"
"625-4_79128009","SAL","1"
"625-4_85908006","SAL","1"
"625-4_128388007","SAL","1"
"625-4_88091007","SAL","1"
"625-4_2820001","SAL","1"
"625-4_37091006","SAL","1"
"625-4_80627004","SAL","1"
"625-4_50136005","SAL","1"
"625-4_71865006","SAL","1"
"625-4_32488009","SAL","1"
"625-4_80232006","SAL","1"
"625-4_35225001","SAL","1"
"625-4_80268001","SAL","1"
"625-4_46667007","SAL","1"
"625-4_4361005","SAL","1"
"625-4_82071007","SAL","1"
"625-4_9506004","SAL","1"
"625-4_77584005","SAL","1"
"625-4_56077000","SAL","1"
"625-4_49491006","SAL","1"
"625-4_40697005","SAL","1"
"625-4_73525009","SAL","1"
"625-4_88022005","SAL","1"
"625-4_19374001","SAL","1"
"625-4_85524002","SAL","1"
"625-4_37261005","SAL","1"
"625-4_18163008","SAL","1"
"625-4_57101009","SAL","1"
"625-4_17330008","SAL","1"
"626-2_27268008","SAL","1"
"626-2_73525009","SAL","1"
"627-0_27268008","SAL","1"
"627-0_73525009","SAL","1"
"630-4_27268008","SAL","1"
"630-4_73525009","SAL","1"
"632-0_27268008","SAL","1"
"632-0_73525009","SAL","1"
"634-6_27268008","SAL","1"
"634-6_73525009","SAL","1"
"636-1_27268008","SAL","1"
"636-1_73525009","SAL","1"
"6462-6_27268008","SAL","1"
"6462-6_73525009","SAL","1"
"6463-4_27268008","SAL","1"
"6463-4_50136005","SAL","1"
"6463-4_71865006","SAL","1"
"6463-4_9506004","SAL","1"
"6463-4_73525009","SAL","1"
"6463-4_17330008","SAL","1"
"10354-9_5595000","SAL","1"
"11475-1_5595000","SAL","1"
"17563-8_5595000","SAL","1"
"20951-0_5595000","SAL","1"
"23930-1_5595000","SAL","1"
"34371-5_5595000","SAL","1"
"45275-5_5595000","SAL","1"
"597-5_5595000","SAL","1"
"600-7_5595000","SAL","1"
"604-9_5595000","SAL","1"
"605-6_5595000","SAL","1"
"610-6_5595000","SAL","1"
"611-4_5595000","SAL","1"
"621-3_5595000","SAL","1"
"622-1_5595000","SAL","1"
"624-7_5595000","SAL","1"
"625-4_5595000","TYP","1"
"626-2_5595000","SAL","1"
"627-0_5595000","SAL","1"
"630-4_5595000","SAL","1"
"632-0_5595000","SAL","1"
"634-6_5595000","SAL","1"
"636-1_5595000","SAL","1"
"6460-0_5595000","SAL","1"
"6462-6_5595000","SAL","1"
"6463-4_5595000","SAL","1"
"11475-1_372342007","SAL","1"
"10354-9_77352002","SHG","1"
"10354-9_43612004","SHG","1"
"10354-9_85729005","SHG","1"
"10354-9_55462008","SHG","1"
"10354-9_4298009","SHG","1"
"11475-1_77352002","SHG","1"
"11475-1_43612004","SHG","1"
"11475-1_85729005","SHG","1"
"11475-1_55462008","SHG","1"
"11475-1_4298009","SHG","1"
"11475-1_116498009","SHG","1"
"17576-0_77352002","SHG","1"
"17576-0_43612004","SHG","1"
"17576-0_85729005","SHG","1"
"17576-0_55462008","SHG","1"
"17576-0_4298009","SHG","1"
"42190-9_116498009","SHG","1"
"600-7_77352002","SHG","1"
"600-7_43612004","SHG","1"
"600-7_85729005","SHG","1"
"600-7_55462008","SHG","1"
"600-7_4298009","SHG","1"
"625-4_77352002","SHG","1"
"625-4_43612004","SHG","1"
"625-4_85729005","SHG","1"
"625-4_55462008","SHG","1"
"625-4_4298009","SHG","1"
"625-4_116498009","SHG","1"
"630-4_77352002","SHG","1"
"630-4_43612004","SHG","1"
"630-4_85729005","SHG","1"
"630-4_55462008","SHG","1"
"630-4_4298009","SHG","1"
"634-6_77352002","SHG","1"
"634-6_43612004","SHG","1"
"634-6_85729005","SHG","1"
"634-6_55462008","SHG","1"
"634-6_4298009","SHG","1"
"636-1_77352002","SHG","1"
"636-1_43612004","SHG","1"
"636-1_85729005","SHG","1"
"636-1_55462008","SHG","1"
"636-1_4298009","SHG","1"
"6463-4_77352002","SHG","1"
"6463-4_43612004","SHG","1"
"6463-4_85729005","SHG","1"
"6463-4_55462008","SHG","1"
"6463-4_4298009","SHG","1"
"6463-4_116498009","SHG","1"
"11086-6_9861002","PNE","1"
"11475-1_9861002","PNE","1"
"11475-1_103499000","PNE","1"
"11475-1_103500009","PNE","1"
"11475-1_127541006","PNE","1"
"11475-1_131362008","PNE","1"
"11475-1_131363003","PNE","1"
"14322-2_9861002","PNE","1"
"17652-9_9861002","PNE","1"
"23667-9_9861002","PNE","1"
"38353-9_9861002","PNE","1"
"41852-5_9861002","PNE","1"
"41852-5_131362008","PNE","1"
"51668-2_9861002","PNE","1"
"600-7_9861002","PNE","1"
"606-4_9861002","PNE","1"
"610-6_9861002","PNE","0"
"611-4_9861002","PNE","1"
"622-1_131362008","PNE","0"
"624-7_9861002","PNE","0"
"627-0_9861002","PNE","1"
"632-0_9861002","PNE","0"
"6463-4_9861002","PNE","1"
"6553-2_9861002","PNE","1"
"6555-7_9861002","PNE","1"
"11475-1_80166006","GAS","1"
"17656-0_80166006","GAS","1"
"600-7_80166006","GAS","1"
"610-6_80166006","GAS","1"
"611-4_80166006","GAS","1"
"621-3_80166006","GAS","1"
"627-0_80166006","GAS","1"
"632-0_80166006","GAS","0"
"636-1_80166006","GAS","1"
"6462-6_80166006","GAS","0"
"6558-1_80166006","GAS","1"
"11475-1_43492007","GAS","1"
"14323-0_43492007","GAS","1"
"17969-7_43492007","GAS","1"
"20474-3_43492007","GAS","1"
"21020-3_43492007","GAS","1"
"5034-4_43492007","GAS","1"
"586-8_43492007","GAS","1"
"600-7_43492007","GBS","0"
"606-4_43492007","GAS","1"
"610-6_43492007","GAS","1"
"611-4_43492007","GBS","0"
"621-3_43492007","GAS","1"
"624-7_43492007","GAS","1"
"635-3_43492007","GAS","1"
"6462-6_43492007","GBS","0"
"6463-4_43492007","UNK","0"
"9786-5_43492007","GBS","1"
"17726-1_72904005","MAL","1"
"17726-1_72904005","MAL","1"
"17726-1_72904005","MAL","1"
"17726-1_72904005","MAL","1"
"17726-1_72904005","MAL","1"
"17726-1_72904005","MAL","1"
"17726-1_72904005","MAL","1"
"17726-1_72904005","MAL","1"
"20507-0_72904005","SYPH","1"
"20508-8_72904005","SYPH","0"
"22461-8_11214006","MAL","1"
"24110-9_10828004","MAL","1"
"29310-0_72904005","MAL","1"
"29310-0_72904005","MAL","1"
"29310-0_72904005","MAL","1"
"29310-0_72904005","MAL","1"
"29310-0_72904005","MAL","1"
"29310-0_72904005","MAL","1"
"29310-0_72904005","MAL","1"
"29310-0_72904005","MAL","1"
"31146-4_10828004","MAL","1"
"40679-3_10828004","MAL","1"
"6561-5_10828004","SYPH","1"
"6561-5_72904005","SYPH","0"
"6562-3_10828004","SYPH","1"
"8041-6_72904005","MAL","1"
"8041-6_72904005","MAL","1"
"8041-6_72904005","MAL","1"
"8041-6_72904005","MAL","1"
"8041-6_72904005","MAL","1"
"8041-6_72904005","MAL","1"
"8041-6_72904005","MAL","1"
"8041-6_72904005","MAL","1"
"11475-1_30917009","TET","1"
"600-7_30917009","TET","1"
"628-8_30917009","TET","1"
"10671-6_16439004","TRI","1"
"10672-4_16439004","TRI","1"
"14788-4_16439004","TRI","1"
"14789-2_16439004","TRI","1"
"14790-0_16439004","TRI","1"
"19253-4_10828004","TRI","1"
"673-4_16439004","TRI","1"
"11475-1_51526001","TUL","1"
"11475-1_91508008","TUL","1"
"11475-1_60502008","TUL","1"
"11475-1_23930001","TUL","1"
"33676-8_51526001","TUL","1"
"600-7_51526001","TUL","1"
"610-6_51526001","TUL","1"
"611-4_51526001","TUL","1"
"627-0_51526001","TUL","1"
"630-4_51526001","TUL","1"
"634-6_51526001","TUL","1"
"636-1_51526001","TUL","1"
"6463-4_51526001","TUL","1"
"10860-5_19551004","CPX","1"
"11483-5_10828004","CPX","1"
"11483-5_19551004","CPX","1"
"11483-5_260373001","CPX","1"
"21597-0_10828004","CPX","1"
"11475-1_34872001","VIB","1"
"11475-1_75953000","VIB","1"
"11475-1_11736008","VIB","1"
"11475-1_131373001","VIB","1"
"11475-1_45749000","VIB","1"
"11475-1_55905000","VIB","1"
"11475-1_55905000","VIB","1"
"11475-1_43199008","VIB","1"
"41852-5_11736008","VIB","1"
"49609-1_11736008","VIB","1"
"600-7_75953000","VIB","1"
"625-4_11736008","VIB","1"
"625-4_43199008","VIB","1"
"6463-4_11736008","VIB","1"
"6463-4_45749000","VIB","1"
"6581-3_11736008","VIB","1"
"6581-3_45749000","VIB","1"
"29566-7_10828004","WNV","1"
"29567-5_10828004","WNV","1"
"29569-1_10828004","WNV","1"
"30178-8_10828004","WNV","1"
"34892-0_260373001","WNV","1"
"36897-7_57311007","WNV","1"
"36897-7_57311007","WNV","1"
"37985-9_57311007","WNV","1"
"37985-9_57311007","WNV","1"
"5883-4_26630006","YFV","1"
"5883-4_26630006","YFV","1"
"11475-1_4668009","YER","1"
"11475-1_65255000","YER","1"
"11475-1_10334001","YER","1"
"11475-1_85159008","YER","1"
"11475-1_91042006","YER","1"
"11475-1_103430003","YER","1"
"11475-1_103431004","YER","1"
"11475-1_103432006","YER","1"
"11475-1_103433001","YER","1"
"11475-1_116503007","YER","1"
"41852-5_85159008","YER","1"
"41852-5_103432006","YER","1"
"625-4_4668009","YER","1"
"625-4_65255000","YER","1"
"625-4_103430003","YER","1"
"625-4_103431004","YER","1"
"625-4_103432006","YER","1"
"625-4_103433001","YER","1"
"625-4_116503007","YER","1"
"6463-4_103430003","YER","1"
"701-3_65255000","YER","1"
"31859-2_260385009","FLUS","1"
"24015-0_260385009","FLUS","1"
"5866-9_260385009","FLUS","1"
"16933-4_10828004","HEPB_A","1"
"59723-4_260373001","FLUS","1"
"16128-1_10828004","HEPC_A","1"
"5866-9_10828004","FLUS","1"
"6462-6_115329001","MRSA","0"
"6463-4_112283007","STEC","0"
"6463-4_413643004","GAS","0"
"6460-0_44470000","HFLU","0"
"626-2_44470000","HFLU","0"
"6462-6_113727004","VRE","1"
"600-7_115329001","MRSA","0"
"6460-0_115329001","MRSA","0"
"59423-4_260415000","FLUS","1"
"5195-3_10828004","HEPB_A","1"
"5195-3_260385009","HEPB_A","1"
"6463-4_3092008","STAP","0"
"10676-5_260373001","HEPC_A","1"
"10676-5_260415000","HEPC_A","1"
"38379-4_260385009","TUBE","0"
"5221-7_10828004","HIV","0"
"5221-7_260385009","HIV","0"
"44871-2_260415000","HIV","0"
"7918-6_10828004","HIV","0"
"7918-6_260385009","HIV","0"
"600-7_45749000","VIB","1"
"11259-9_260415000","HEPC_A","0"
"19145-2_INFLUENZA SUBTYPING","INFL","1"
"630-4_115329001","MRSA","0"
"19146-0_See Comments:","HDOH","0"
"19145-2_ID","DIPH","1"
"11259-9_260373001","HEPC_A","1"
"10353-1_115329001","HIV","0"
"11545-1_AFB culture in progress","TUBE","0"
"11545-1_4+ Acid Fast bacilli","TUBE","0"
"19145-2_Chikungunya Virus PCR","DENG","1"
"19145-2_C.DIPH","DIPH","1"
"19145-2_RESPIRATORY CULTURE","RSV","1"
"31703-2_West","WNV","1"
"33000-1_260415000","UNK","0"
"43874-7_260385009","INFL","1"
"43895-2_10828004","INFL","1"
"35430-8_5247005","PERT","1"
"32700-7_10828004","MAL","1"
"10662-5_2105009","FILA","1"
"14208-3_","FILA","1"
"5229-0_","FLUS","1"
"6463-4_63815007","UNK","0"
"6463-4_56415008","UNK","0"
"6463-4_417513008","UNK","0"
"6463-4_47885008","UNK","0"
"6463-4_54642001","UNK","0"
"6463-4_14385002","UNK","0"
"6463-4_73457008","UNK","0"
"6463-4_116499001","STAP","0"
"6463-4_62093005","UNK","0"
"6463-4_60875001","UNK","0"
"6463-4_52499004","UNK","0"
"6463-4_57459006","UNK","0"
"6463-4_44723000","UNK","0"
"6463-4_113611002","UNK","0"
"6463-4_34605002","UNK","0"
"6463-4_45834001","UNK","0"
"6463-4_53326005","UNK","0"
"6463-4_113700003","UNK","0"
"600-7_89181007","UNK","0"
"6462-6_116197008","UNK","0"
"600-7_116197008","UNK","0"
"630-4_43492007","GBS","0"
"6460-0_52499004","UNK","0"
"611-4_116197008","UNK","0"
"626-2_413643004","STRE","0"
"600-7_52499004","UNK","0"
"6463-4_418688000","UNK","0"
"6463-4_13879009","UNK","0"
"22263-8_","FILO","1"
"7862-6_","FILO","1"
"11581-6_","FILO","1"
"71767-8_","FILO","1"
"71711-6_","FILO","1"
"71768-6_260373001","FILO","1"
"71768-6_260415000","FILO","1"
"41637-0_260373001","FILO","1"
"41637-0_260415000","FILO","1"
"71770-2_260373001","FILO","1"
"71770-2_260415000","FILO","1"
"71712-4_260373001","FILO","1"
"71712-4_260415000","FILO","1"
"41636-2_260373001","FILO","1"
"41636-2_260415000","FILO","1"
"75411-9_260373001","FILO","1"
"75411-9_260415000","FILO","1"
"6463-4_78065002","ENTE","0"
"56880_10828004","HIV","0"
"6462-6_112283007","ECOL","0"
"56890_10828004","HIV","0"
"56891_260385009","HIV","0"
"6463-4_17872004","NMEN","1"
"21020-3_112283007","STEC","0"
"6463-4_14196002","UNK","0"
"630-4_40886007","UNK","0"
"6462-6_413643004","GAS","1"
"6463-4_21927003","ANT","1"
"60528-7_12997006","ENC","1"
"60528-7_68874003","ENC","1"
"5843-8_243633006","ENC","1"
"5843-8_69239002","ENC","1"
"43364-9_243633006","ENC","1"
"43364-9_69239002","ENC","1"
"630-4_417513008","UNK","0"
"6463-4_62592009","UNK","0"
"626-2_80166006","GAS","0"
"625-4_131347006","UNK","0"
"32355-0_5851001","DIP","1"
"6460-0_56415008","KLEB","0"
"6460-0_60631002","UNK","0"
"625-4_9281006","UNK","0"
"546-2_413643004","GAS","0"
"6584-7_424470006","ILI","1"
"633-8_13080008","BOTO","1"
"17956-4_34902001","HIX","1"
"546-2_80166006","GAS","0"
"625-4_131207001","UNK","1"
"44081-8_271933007","PSI","1"
"625-4_85823000","UNK","0"
"6463-4_243301005","UNK","0"
"619-7_44470000","HFLU","1"
"604-9_44470000","HFLU","1"
"51785-4_271933007","DNF","1"
"50612-1_271933007","ILI","1"
"6584-7_69239002","ILI","1"
"608-0_43199008","VIB","1"
"19128-8_5595000","TYP","1"
"19128-8_54365000","PLA","1"
"19128-8_18065004","BOTO","1"
"19128-8_20785008","BOTO","1"
"19128-8_8386006","BOTO","1"
"19128-8_32829006","BOTO","1"
"625-4_407166006","EHEC","1"
"625-4_112283007","STEC","1"
"630-4_113697002","UNK","0"
"22288-5_10828004","AMB","1"
"6584-7_450480003","H3N2","1"
"6584-7_446646008","H3N2","1"
"630-4_113985000","UNK","0"
"630-4_113727004","VRE","1"
"6463-4_5381002","UNK","0"
"22488-1_260373001","MUR","1"
"622-1_51593004","HIX","0"
"622-1_44470000","HFLU","0"
"42595-9_260415000","HEPB_A","1"
"6462-6_51593004","HIX","0"
"622-1_112283007","STEC","0"
"6462-6_30949009","ENTE","0"
"19128-8_51593004","HIX","1"
"13953-5_10828004","HEPB_A","1"
"9710-5_10828004","QFV","1"
"9708-9_10828004","QFV","1"
"9709-7_10828004","QFV","1"
"9711-3_10828004","QFV","1"
"600-7_127506007","HFLU","1"
"627-0_413643004","GAS","1"
"31950-9_10828004","RSV","1"
"43874-7_10828004","FLUS","1"
"622-1_9861002","PNE","0"
"6462-6_53233007","VRE","1"
"21020-3_90272000","VRE","0"
"21020-3_44470000","HFLU","1"
"610-6_112283007","STEC","0"
"630-4_409800005","STEC","0"
"6462-6_55905000","VIB","1"
"600-7_55905000","VIB","1"
"634-6_2785000","VRE","0"
"72356-9_407479009","FLUS","1"
"6462-6_53490009","UNK","0"
"630-4_8745002","UNK","0"
"582-7_43492007","GBS","0"
"608-0_112283007","STEC","1"
"17956-4_112283007","STEC","0"
"6462-6_78065002","ENTE","0"
"600-7_78065002","VRE","0"
"633-8_417469002","UNK","0"
"609-8_112283007","STEC","1"
"17956-4_78065002","VRE","0"
"10900-9_10828004","HEPB_A","1"
"13952-7_10828004","HEPB_A","1"
"5876-8_441278007","RSV","1"
"6462-6_44470000","HFLU","0"
"72356-9_441119003","FLUS","1"
"6462-6_9861002","PNE","0"
"23202-5_260385009","LEP","1"
"6463-4_243254006","UNK","0"
"622-1_113669008","UNK","0"
"633-8_32763000","UNK","0"
"611-4_112283007","ECOL","0"
"632-0_112283007","STEC","0"
"633-8_114146002","UNK","0"
"633-8_62890009","UNK","0"
"19128-8_78065002","ENTE","0"
"6460-0_73457008","UNK","0"
"6463-4_33115003","UNK","0"
"6463-4_113381003","UNK","0"
"6462-6_64071004","UNK","0"
"609-8_115329001","MRSA","0"
"633-8_115329001","MRSA","0"
"632-0_115329001","MRSA","0"
"632-0_413643004","GAS","0"
"626-2_116469005","HFLU","0"
"604-9_80166006","GAS","1"
"626-2_51593004","HIX","0"
"632-0_44470000","HFLS","0"
"626-2_115329001","MRSA","0"
"633-8_89268006","UNK","0"
"32355-0_115329001","MRSA","0"
"633-8_26481006","UNK","0"
"630-4_53326005","UNK","0"
"611-4_78065002","VRE","0"
"21020-3_115329001","MRSA","0"
"41852-5_113858008","TUBE","0"
"6463-4_243350004","UNK","0"
"6462-6_372342007","SAL","1"
"6463-4_40886007","UNK","0"
"633-8_114131009","UNK","0"
"611-4_115329001","MRSA","0"
"633-8_34844008","UNK","0"
"630-4_56415008","KLEB","0"
"21020-3_78065002","ENTE","0"
"630-4_53233007","VRE","1"
"633-8_243417000","UNK","0"
"21020-3_8745002","UNK","0"
"630-4_30949009","ENTE","0"
"17898-8_80166006","GAS","0"
"17956-4_115329001","MRSA","0"
"633-8_114142000","UNK","0"
"633-8_114134001","UNK","0"
"626-2_43492007","GBS","0"
"609-8_43492007","GBS","0"
"6460-0_80166006","GAS","0"
"546-2_89181007","GCS","0"
"19128-8_115329001","MRSA","0"
"52969-3_115329001","MRSA","0"
"6463-4_115329001","MRSA","0"
"6460-0_9861002","PNE","0"
"630-4_80166006","GAS","0"
"630-4_3092008","STAP","0"
"600-7_53233007","VRE","1"
"6463-4_33522002","UNK","0"
"32355-0_116499001","STAP","0"
"633-8_413643004","GAS","0"
"630-4_112283007","STEC","0"
"633-8_3174002","UNK","0"
"633-8_34236001","UNK","0"
"43411-8_80166006","GAS","1"
"630-4_31703004","UNK","0"
"630-4_19870004","UNK","0"
"632-0_116499001","UNK","0"
"633-8_114144004","UNK","0"
"43365-6_127524009","AMB","1"
"633-8_413881007","UNK","0"
"632-0_3092008","STAP","0"
"632-0_78065002","VRE","0"
"17956-4_90272000","VRE","0"
"17956-4_113727004","VRE","1"
"633-8_40560008","UNK","0"
"6463-4_90272000","VRE","0"
"19146-0_446987006","HIV","0"
"51991-8_120684001","HPS","1"
"51991-8_65911000","HEPB_A","1"
"51991-8_17092007","HEPE","1"
"51991-8_707890003","HEPE","1"
"51991-8_120990004","HDV","1"
"51991-8_88488004","LEAD","0"
"51991-8_120969007","MEAS","1"
"51991-8_45262002","MERC","0"
"51991-8_120954006","QFV","1"
"51991-8_122078009","RABH","1"
"51991-8_260214004","CPX","1"
"51991-8_421862008","WNV","1"
"51991-8_444038009","CHIK","1"
"51991-8_707869006","CHIK","1"
"51991-8_120714000","CHK","1"
"51940-5_260385009","STEC","0"
"51939-7_260385009","STEC","0"
"17898-8_116469005","HFLU","0"
"17898-8_44470000","HFLU","0"
"621-3_115329001","MRSA","0"
"6460-0_17872004","NMEN","0"
"633-8_55247009","UNK","0"
"10352-3_112283007","STEC","0"
"664-3_27863008","GS","0"
"5403-1_260385009","CPX","0"
"19146-0_105825008","ARSE","0"
"19146-0_121106008","CHLAM","1"
"19146-0_9999999","CHLA","1"
"19146-0_120684001","HPS","1"
"19146-0_65911000","HEPB_A","1"
"19146-0_17092007","HEPE","1"
"19146-0_707890003","HEPE","1"
"19146-0_120990004","HDV","1"
"19146-0_39304009","HIV","0"
"19146-0_88488004","LEAD","1"
"19146-0_120969007","MEAS","1"
"19146-0_45262002","MERC","0"
"19146-0_697932005","MERS","1"
"19146-0_121172006","GONOR","1"
"19146-0_120954006","QFV","1"
"19146-0_122078009","RABH","1"
"19146-0_260214004","CPX","1"
"19146-0_421862008","WNV","1"
"19146-0_444038009","CHIK","1"
"19146-0_707869006","CHIK","1"
"19146-0_120714000","LYM","1"
"51939-7_10828004","STEC","1"
"51940-5_10828004","STEC","1"
"44488-5_15302007","ILI","1"
"44488-5_13687007","ILI","1"
"44466-1_15302007","ILI","1"
"44466-1_13687007","ILI","1"
"35430-8_15302007","ILI","1"
"35430-8_13687007","ILI","1"
"35418-3_15302007","ILI","1"
"35418-3_13687007","ILI","1"
"35451-4_15302007","ILI","1"
"35451-4_13687007","ILI","1"
"31830-3_260385009","GIA","0"
"21020-3_80166006","GAS","1"
"5859-4_13687007","HSV","0"
"5388-4_131194007","TOX","0"
"5859-4_15302007","HSV","0"
"6463-4_429317001","UNK","0"
"618-9_127501002","VRE","0"
"604-9_115329001","MRSA","0"
"630-4_413643004","GAS","0"
"6579-7_11736008","VIB","1"
"6462-6_89181007","STRE","0"
"22288-5_260385009","AMB","0"
"630-4_9861002","PNE","0"
"600-7_90272000","VRE","0"
"6463-4_77045006","UNK","0"
"6463-4_55905000","VIB","1"
"626-2_112283007","STEC","0"
"577-7_115329001","MRSA","0"
"6463-4_40812000","UNK","0"
"609-8_80166006","GAS","0"
"13316-5_90272000","VRE","1"
"6463-4_68608003","UNK","0"
"630-4_116499001","STAP","0"
"627-0_112283007","ECOL","0"
"622-1_115329001","MRSA","0"
"19145-2_MTB SENSITIVITY","UNK","0"
"625-4_34872001","VIB","1"
"41852-5_M. TUBERCULOSIS COMPLEX","UNK","0"
"13317-3_115329001","MRSA","0"
"579-3_115329001","MRSA","0"
"19145-2_PYRAZINAMIDE MIC","UNK","0"
"19145-2_PZA MIC,","UNK","0"
"6460-0_413643004","GAS","0"
"32355-0_44470000","HFLU","0"
"6463-4_113727004","VRE","1"
"6371-9_260385009","CRYP","0"
"31868-3_260385009","LEG","0"
"622-1_116469005","HFLU","0"
"633-8_114139006","UNK","0"
"6463-4_414102007","UNK","0"
"7855-0_60588009","DNF","1"
"7855-0_41328007","DNF","1"
"7855-0_8467002","DNF","1"
"7855-0_36700002","DNF","1"
"77958-7_60588009","DNF","1"
"77958-7_41328007","DNF","1"
"77958-7_8467002","DNF","1"
"77958-7_36700002","DNF","1"
"19253-4_260415000","TRI","0"
"633-8_53220001","UNK","0"
"547-0_80166006","GAS","0"
"625-4_10343005","SAL","1"
"625-4_2291004","SAL","1"
"10701-1_609303007","UNK","0"
"10701-1_699406004","AMB","1"
"10701-1_28923009","UNK","0"
"74787-3_426959005","FLUS","1"
"74787-3_427672003","FLUS","1"
"74787-3_PLR219","FLUS","1"
"29723-4_260385009","PERT","0"
"698-1_68704007","GONOR","1"
"10352-3_68704007","GONOR","1"
"634-6_68704007","GONOR","1"
"688-2_68704007","GONOR","1"
"6462-6_131340008","GONOR","0"
"6462-6_31703004","UNK","0"
"6463-4_31703004","UNK","0"
"48062-4_260415000","UNK","0"
"39534-3_260415000","CRYP","0"
"17898-8_413643004","GAS","0"
"6463-4_85823000","UNK","0"
"11483-5_260415000","CPX","0"
"622-1_80166006","GAS","0"
"634-6_112283007","STEC","0"
"23826-1_260385009","PERT","1"
"23826-1_260415000","PERT","1"
"588-4_260385009","LEG","0"
"625-4_75953000","CHO","1"
"6462-6_416397000","VRE","0"
"10860-5_264887000","CPX","0"
"48159-8_131194007","HEPC_A","0"
"13248-0_260385009","HDV","0"
"13954-3_260385009","HEPB_A","1"
"39534-3_260385009","CRYP","0"
"39534-3_264887000","CRYP","0"
"39534-3_47492008","CRYP","0"
"10900-9_131194007","HEPB_A","1"
"22314-9_131194007","HEPA","0"
"48398-2_260415000","HEPB_A","1"
"17898-8_112283007","STEC","0"
"13953-5_260385009","HEPB_A","1"
"31971-5_413643004","GAS","0"
"32644-7_260385009","QFV","0"
"31314-8_260385009","QFV","0"
"32645-4_260385009","QFV","0"
"31315-5_260385009","QFV","0"
"29904-0_260415000","TOX","0"
"40678-5_131194007","TOX","0"
"32355-0_113669008","UNK","0"
"40678-5_260385009","TOX","0"
"10353-1_44470000","HFLU","0"
"20992-4_260385009","PERT","0"
"6463-4_113697002","UNK","0"
"600-7_116486004","UNK","0"
"17898-8_53932007","UNK","0"
"595-9_413643004","GAS","0"
"10352-3_44470000","HFLS","0"
"633-8_8191000","UNK","0"
"44826-6_260385009","HDV","0"
"6462-6_8745002","UNK","0"
"6460-0_76199005","UNK","0"
"610-6_8745002","UNK","0"
"630-4_68704007","GONOR","1"
"13950-1_131194007","HEPA","0"
"17898-8_9861002","PNE","0"
"32355-0_9861002","PNE","0"
"21020-3_51593004","HFLU","0"
"21020-3_9861002","PNE","0"
"634-6_9861002","PNE","0"
"622-1_53932007","UNK","0"
"29609-5_260415000","HEPC_A","1"
"630-4_2785000","UNK","0"
"10352-3_80166006","GAS","0"
"6463-4_113773002","UNK","0"
"610-6_2785000","ENTE","0"
"32810-4_9861002","PNE","0"
"32810-4_80166006","GAS","0"
"6463-4_424791004","UNK","0"
"600-7_48299003","UNK","0"
"43882-0_260385009","PERT","0"
"23832-9_260385009","PERT","0"
"29673-1_260385009","PERT","0"
"13952-7_11214006","HEPB_A","1"
"6462-6_116469005","UNK","0"
"600-7_39473003","UNK","0"
"17956-4_73457008","UNK","0"
"6463-4_114456008","UNK","0"
"6463-4_63550006","UNK","0"
"6463-4_113798001","UNK","0"
"6462-6_409800005","ECOL","0"
"630-4_243230001","UNK","0"
"630-4_62093005","UNK","0"
"634-6_8745002","UNK","0"
"546-2_9861002","PNE","0"
"32810-4_112283007","STEC","0"
"17898-8_51593004","HIX","0"
"600-7_116469005","HFLS","1"
"622-1_409800005","ECOL","0"
"633-8_33562003","UNK","0"
"6463-4_83452006","UNK","0"
"6412-1_260415000","GIA","0"
"6463-4_25223004","UNK","0"
"6463-4_91288006","UNK","0"
"22314-9_260385009","HEPA","0"
"32355-0_112283007","STEC","0"
"632-0_53326005","UNK","0"
"10701-1_41542000","AMB","1"
"39528-5_260415000","UNK","0"
"622-1_413643004","GAS","0"
"6462-6_387798006","VIB","1"
"697-3_68704007","GONOR","1"
"630-4_414809001","GONOR","1"
"10701-1_110390006","AMB","1"
"17898-8_17872004","NMEN","0"
"21020-3_2785000","ENTE","0"
"6462-6_2785000","ENTE","0"
"633-8_131218001","UNKN","0"
"600-7_112283007","STEC","0"
"630-4_78065002","ENTE","0"
"630-4_90272000","ENTE","0"
"630-4_127501002","ENTE","0"
"630-4_712663006","VRE","1"
"630-4_712665004","VRE","1"
"600-7_113727004","VRE","1"
"600-7_712663006","VRE","1"
"600-7_712665004","VRE","1"
"6462-6_712663006","VRE","1"
"6462-6_712665004","VRE","1"
"21020-3_113727004","VRE","1"
"21020-3_712665004","VRE","1"
"21020-3_712663006","VRE","1"
"6463-4_712665004","VRE","1"
"6463-4_712663006","VRE","1"
"634-6_80166006","STRE","0"
"10352-3_413643004","GAS","0"
"21020-3_53233007","VRE","1"
"623-9_44470000","HFLU","0"
"6462-6_127501002","ENTE","0"
"611-4_127501002","ENTE","0"
"600-7_127501002","ENTE","0"
"619-7_127501002","ENTE","0"
"6462-6_87875008","ENTE","0"
"6462-6_90272000","ENTE","0"
"10353-1_80166006","GAS","0"
"6462-6_59674005","UNKN","0"
"32355-0_80166006","GAS","0"
"630-4_44470000","HFLS","0"
"10352-3_51593004","UNK","0"
"10900-9_260385009","HEPB_A","1"
"13952-7_260385009","HEPB_A","1"
"5196-1_260385009","HEPB_A","1"
"5196-1_260415000","HEPB_A","1"
"13954-3_260415000","HEPB_A","1"
"16933-4_260385009","HEPB_A","1"
"5196-1_131194007","HEPB_A","1"
"13952-7_131194007","HEPB_A","1"
"31204-1_131194007","HEPB_A","1"
"13955-0_260385009","HEPC_A","0"
"10353-1_116469005","HFLU","0"
"600-7_31703004","STRE","0"
"43441-5_9861002","UNK","0"
"10353-1_112283007","STEC","0"
"32810-4_414324002","MEL","1"
"6463-4_406609007","STRE","0"
"6366-9_10828004","UNKN","1"
"633-8_89477001","UNKN","0"
"600-7_712764007","SAL","1"
"627-0_116469005","HFLU","1"
"630-4_51593004","HFLU","0"
"698-1_17872004","NMEN","0"
"626-2_17872004","NMEN","0"
"43441-5_116469005","HFLS","0"
"622-1_59674005","UNKN","0"
"632-0_113727004","VRE","1"
"543-9_59674005","UNKN","0"
"71429-5_260373001","CAMPY","1"
"82185-0_260415000","MENM","0"
"80348-6_260373001","ECOL","1"
"54067-4_260373001","GASTRO","1"
"76628-7_260373001","NORO","1"
"49612-5_260373001","SAL","1"
"80350-2_260373001","SHG","1"
"49609-1_260373001","VIB","1"
"48646-4_260373001","YER","1"
"62859-4_260373001","GASTROV","1"
"61371-1_260373001","CHO","1"
"60545-1_260373001","CRYP","1"
"41436-7_260373001","CYCLO","1"
"597-5_413643004","STRE","0"
"597-5_3092008","STAP","0"
"80351-0_260373001","ECOL","1"
"53947-8_260373001","ECOL","1"
"6396-6_260373001","AMEB","1"
"60544-4_260373001","GIA","1"
"72111-8_260373001","GASTROV","1"
"623-9_80166006","GAS","0"
"13951-9_131194007","HEPA","0"
"10353-1_9861002","PNE","0"
"82194-2_260415000","MENO","0"
"82183-5_260415000","HFLU","0"
"82184-3_260415000","LIS","0"
"82187-6_260415000","PNE","0"
"82188-4_260415000","CPX","0"
"82181-9_260415000","CRYP","0"
"82182-7_260415000","ECOL","0"
"18769-0_112283007","ECOL","0"
"18769-0_409799006","ECOL","0"
"18769-0_27268008","SAL","0"
"51913-2_11214006","HEPA","0"
"223149_11214006","HEPA","1"
"22314-9_10828004","HEPA","1"
"22314-9_260373001","HEPA","1"
"22315-6_10828004","HEPA","1"
"29615-2_260415000","HEPB_A","1"
"22320-6_260385009","HEPB_A","1"
"13955-0_131194007","HEPC_A","0"
"11011-4_260385009","HEPC_A","0"
"38180-6_260385009","HEPC_A","0"
"11011-4_260415000","HEPC_A","0"
"43441-5_112283007","ECOL","0"
"54906-3_260415000","NORO","0"
"54905-5_260415000","NORO","0"
"82194-2_260373001","MENO","1"
"54905-5_260373001","NORO","1"
"54906-3_260373001","NORO","1"
"82199-1_260415000","SAL","1"
"82199-1_260373001","SAL","1"
"82203-1_260415000","STEC","1"
"82203-1_260373001","STEC","1"
"82211-4_260415000","NORO","1"
"82211-4_260373001","NORO","1"
"82207-2_260415000","AMB","1"
"82207-2_260373001","AMB","1"
"82202-3_260415000","YER","1"
"82202-3_260373001","YER","1"
"82200-7_260415000","VIB","1"
"82200-7_260373001","VIB","1"
"82196-7_260415000","CAMPY","1"
"82196-7_260373001","CAMPY","1"
"82208-0_260415000","GIA","1"
"82208-0_260373001","GIA","1"
"82205-6_260415000","CRYP","1"
"82205-6_260373001","CRYP","1"
"82206-4_260415000","CYCLO","1"
"82206-4_260373001","CYCLO","1"
"82201-5_260415000","CHO","1"
"82201-5_260373001","CHO","1"
"82209-8_260415000","GASTROV","1"
"82209-8_260373001","GASTROV","1"
"82213-0_260415000","GASTROV","1"
"82213-0_260373001","GASTROV","1"
"82198-3_260415000","GASTRO","1"
"82198-3_260373001","GASTRO","1"
"82212-2_260415000","GASTROV","1"
"82212-2_260373001","GASTROV","1"
"82210-6_260415000","GASTROV","1"
"82210-6_260373001","GASTROV","1"
"622-1_17872004","NMEN","0"
"19146-0_9999999","CHLAM","1"
"21613-5_","CHLAM","1"
"21613-5_10828004","CHLAM","1"
"21613-5_260385009","CHLAM","1"
"21613-5_413079006","CHLAM","1"
"21613-5_419984006","CHLAM","1"
"21613-5_42425007","CHLAM","1"
"21613-5_82334004","CHLAM","1"
"43304-5_","CHLAM","1"
"43304-5_10828004","CHLAM","1"
"43304-5_125154007","CHLAM","1"
"43304-5_260373001","CHLAM","1"
"43304-5_260385009","CHLAM","1"
"43304-5_260415000","CHLAM","1"
"43304-5_280416009","CHLAM","1"
"43304-5_419984006","CHLAM","1"
"43304-5_82334004","CHLAM","1"
"6918-7_","CHLAM","1"
"6919-5_","CHLAM","1"
"6920-3_","CHLAM","1"
"10352-3_68704007","GONOR","1"
"19146-0_121172006","GONOR","1"
"22430-3_","GONOR","1"
"24111-7_","GONOR","1"
"24111-7_10828004","GONOR","1"
"24111-7_168276008","GONOR","1"
"24111-7_260385009","GONOR","1"
"24111-7_419984006","GONOR","1"
"24111-7_82334004","GONOR","1"
"43305-2_","GONOR","1"
"43305-2_10828004","GONOR","1"
"43305-2_125154007","GONOR","1"
"43305-2_260373001","GONOR","1"
"43305-2_260385009","GONOR","1"
"43305-2_260415000","GONOR","1"
"43305-2_280416009","GONOR","1"
"43305-2_419984006","GONOR","1"
"43305-2_82334004","GONOR","1"
"51991-8_121172006","GONOR","1"
"630-4 _68704007","GONOR","1"
"630-4_414809001","GONOR","1"
"634-6_68704007","GONOR","1"
"6462-6_68704007","GONOR","1"
"688-2_68704007","GONOR","1"
"697-3_68704007","GONOR","1"
"698-1_68704007","GONOR","1"
"20507-0_","SYPH","1"
"20507-0_11214006","SYPH","1"
"20507-0_117006002","SYPH","1"
"20507-0_131194007","SYPH","1"
"20507-0_72904005","SYPH","1"
"20508-8_","SYPH","1"
"20508-8_72904005","SYPH","1"
"24110-9_11214006","SYPH","1"
"24110-9_117006002","SYPH","1"
"24110-9_131194007","SYPH","1"
"31146-4_","SYPH","1"
"31147-2_","SYPH","1"
"5290-2_","SYPH","1"
"5290-2_131194007","SYPH","1"
"5292-8_11214006","SYPH","1"
"5292-8_131194007","SYPH","1"
"5393-4_","SYPH","1"
"5393-4_11214006","SYPH","1"
"5393-4_117006002","SYPH","1"
"5393-4_131194007","SYPH","1"
"6561-5_","SYPH","1"
"6561-5_168276008","SYPH","1"
"6561-5_72904005","SYPH","1"
"6562-3_","SYPH","1"
"6562-3_10828004","SYPH","1"
"80348-6_260415000","ECOL","1"
"80351-0_260415000","ECOL","1"
"82199-1_260415000","SAL","1"
"80350-2_260415000","SHG","1"
"80349-4_260415000","GASTRO","1"
"80349-4_260373001","GASTRO","1"
"82197-5_260415000","CLOS","0"
"82197-5_260373001","CLOS","1"
"74822-8 _10828004","CLOS","1"
"74822-8_260373001","CLOS","1"
"80685-1_260373001","CLOS","1"
"20761-3_260373001","CLOS","1"
"57901-1_10828004","CLOS","1"
"57901-1_260385009","CLOS","0"
"57901-1_","CLOS","0"
"7909-5_","HSV","0"
"7912-9_","HSV","0"
"16944-1_","HSV","0"
"34713-8_10828004","CLOS","1"
"31950-9_260385009","RSV","1"
"80679-4_260373001","SHG","1"
"49376-7_","HEPC_A","1"
"24467-3_","HIV","0"
"8123-2_","HIV","0"
"76080-1_260373001","FLUS","1"
"77023-0_260373001","RSV","1"
"5863-6_10828004","FLUS","1"
"5867-7_10828004","FLUS","1 "
"5882-6_10828004","CPX","1"
"23826-1_10828004","PERT","1"
"13951-9_11214006","HEPA","0"
"22312-3_10828004","HEPA","0"
"22312-3_260385009","HEPA","0"
"22312-3_131194007","HEPA","0"
"16128-1_260385009","HEPC_A","0"
"44560-1_260373001","FLUS","1"
"44573-4_260373001","FLUS","1"
"44560-1_","FLUS","1"
"44573-4_","FLUS","1"
"44560-1_260415000","FLUS","1"
"44573-4_260415000","FLUS","1"
"32286-7_260415000","HEPC_A","0"
"38180-6_260415000","HEPC_A","0"
"49376-7_260415000","HEPC_A","0"
"94309-2_","NCOV","1"
"94309-2_260415000","NCOV","1"
"94309-2_419984006","NCOV","1"
"94309-2_125154007","NCOV","1"
"94309-2_720735008","NCOV","1"
"94309-2_260373001","NCOV","1"
"94306-8_260385009","NCOV","1"
"94306-8_10828004","NCOV","1"
"94316-7_260415000","NCOV","1"
"94316-7_260373001","NCOV","1"
"48508-6_260415000","MEAS","1"
"48508-6_260373001","MEAS","1"
"48508-6_82334004","MEAS","1"
"94500-6_260415000","NCOV","1"
"69048-7_See Below","UNK","0"
"59464-8_Note:","UNK","0"
"77202-0_See Below","UNK","0"
"94500-6_260385009","NCOV","1"
"92131-2_260415000","RSV","1"
"92131-2_260373001","RSV","1"
"77202-0_Note: Methodology is Roche Real-Time RT-PCR. The expected result or reference range is NEGATIVE (Not Detected).","UNK","0"
"62428-8_260415000","PERT","1"
"62428-8_10620008","PERT","1"
"62428-8_116035000","PERT","1"
"62428-8_26183002","PERT","1"
"62428-8_5247005","PERT","1"
"44800-1_115329001","MRSA","0"
"57901-1_260415000","CLOS","0"
"34713-8_260385009 ","CLOS","0"
"61367-9_260385009","CLOS","0"
"74822-8_260385009 ","CLOS","0"
"82197-5_260385009","CLOS","0"
"87755-5_260385009","CLOS","0"
"34468-9_260385009","CLOS","0"
"94500-6_373121007","NCOV","1"
"76078-5_260373001","INFL","1"
"31208-2_359814004","MPX","1"
"632-0_11736008","VIB","1"
"6463-4_66543000","CAMPY","1"
"6460-0_27268008","SAL","1"
"43214-6_115329001","MRSA","0"
"21020-3_45749000","VIBR","1"
"21020-3_3092008","STAP","0"
"10900-9_82334004","HEPB_A","1"
"17547-1_260373001","GASTROV","1"
